# Estado del bucket R2 `asciline-player` al 2026-08-31, ANTES de publicar F9,
# MAS las 61 keys del prefijo `v0/` publicadas el 2026-09-01 (H-10: pack v0,
# empaquetados HLS/DASH, mando numerico), la 62a agregada en H-12 (vgencache.js),
# con index.html regenerada en H-13, H-11 y H-12, y con 54 keys re-emitidas el
# 2026-09-04 (H-14b: cpu-independent=1 en la receta x264). Las de `v0/` llevan
# md5 local.
# 2026-09-06 (P-008b): 21 keys de v1 re-emitidas con el bundle vgen-portable
# (corrida portable 34077462713): MANIFEST-v1.tsv, v1-vp9.webm, v1-h264.mp4 y dash-vp9/*.
# 2026-09-08 (H-26): 41 keys nuevas del pack v2 (la fuente a 1280@20, emitida por el operador desde su PC con vgen-portable 34083813584): MANIFEST-v2.tsv, v2-vp9-crf10.webm, v2-vp9-crf18.webm, v2-h264.mp4, v2-ambiente.mp4 y dash-v2-vp9-crf10/* + dash-v2-vp9-crf18/*; index.html regenerada (teclas 78/79).
# 2026-09-08 (noche, H-27): 7 keys nuevas del prefijo v1/ (pagina de un video por vez: index.html, keypad.js, PLANES.tsv y los cuatro planos de fluidez crf 18 emitidos con vgen-portable en la PC del operador: 15 fps, 512 colores @20, 512 colores @15, sin alt-ref).
# Leido con la API de Cloudflare. etag = MD5 (subidas de una sola parte).
# key	bytes	etag(md5)
1280-12/cache-refresh.js	5889	32c8be62f2a4107f852c779fec3d1ae6
1280-12/datachannel.js	6508	9f4bf47e6ae3203243d1e7385c761cba
1280-12/index.html	27004	ba612f0dcb61317c9753ba77842e4252
1280-12/inflate.js	16394	7099f89dc5fc441c3ce7415471abc1a4
1280-12/live-player.html	27004	ba612f0dcb61317c9753ba77842e4252
1280-12/outputs/clip.asclv	21196032	df09ce1ecd31f4fdd8976059deea7b6a
1280-12/outputs/logo.png	42553	f46b9b5db4d9b7eb1b745a64695a17ad
1280-12/overlay.js	18598	591a08ea70667742a623164267c59ced
1280-12/playloop.js	10999	dcfbf631f50112547f742d87284352b1
1280-12/reader-factory.js	1900	bc4bd7c1587e15e9805b6f5a59c3b7a4
1280-12/reader-v2.js	42587	5d628470908297f2f993a90d421df288
1280-12/reader.js	27999	1355f088021a77cde4c31db822723dff
1280-12/render-canvas2d.js	8779	47b7b25e1a2d929822b6f3d77b32a152
1280-12/render-webgl.js	11644	001a1eed61702d0af57b444420c9a633
1280-12/slots.js	15955	61bf3669de137de0a994cfecc2e5606e
1280-12/textfeed.js	4388	ee566da0f12c271ea86caf488e1dfe0d
1280-12/textlayer.js	11831	aa1ede55afc8541fc4a68c75eb307826
1280-12/tv-controller.js	6069	369e25b369b840bdab4e8daab0654838
1280-15/cache-refresh.js	5889	32c8be62f2a4107f852c779fec3d1ae6
1280-15/datachannel.js	6508	9f4bf47e6ae3203243d1e7385c761cba
1280-15/index.html	27004	ba612f0dcb61317c9753ba77842e4252
1280-15/inflate.js	16394	7099f89dc5fc441c3ce7415471abc1a4
1280-15/live-player.html	27004	ba612f0dcb61317c9753ba77842e4252
1280-15/outputs/clip.asclv	24530460	410cd2a73e0ddbec07c2b86db0b16857
1280-15/outputs/logo.png	42553	f46b9b5db4d9b7eb1b745a64695a17ad
1280-15/overlay.js	18598	591a08ea70667742a623164267c59ced
1280-15/playloop.js	10999	dcfbf631f50112547f742d87284352b1
1280-15/reader-factory.js	1900	bc4bd7c1587e15e9805b6f5a59c3b7a4
1280-15/reader-v2.js	42587	5d628470908297f2f993a90d421df288
1280-15/reader.js	27999	1355f088021a77cde4c31db822723dff
1280-15/render-canvas2d.js	8779	47b7b25e1a2d929822b6f3d77b32a152
1280-15/render-webgl.js	11644	001a1eed61702d0af57b444420c9a633
1280-15/slots.js	15955	61bf3669de137de0a994cfecc2e5606e
1280-15/textfeed.js	4388	ee566da0f12c271ea86caf488e1dfe0d
1280-15/textlayer.js	11831	aa1ede55afc8541fc4a68c75eb307826
1280-15/tv-controller.js	6069	369e25b369b840bdab4e8daab0654838
1920-10/cache-refresh.js	5889	32c8be62f2a4107f852c779fec3d1ae6
1920-10/datachannel.js	6508	9f4bf47e6ae3203243d1e7385c761cba
1920-10/index.html	27004	ba612f0dcb61317c9753ba77842e4252
1920-10/inflate.js	16394	7099f89dc5fc441c3ce7415471abc1a4
1920-10/live-player.html	27004	ba612f0dcb61317c9753ba77842e4252
1920-10/outputs/clip.asclv	32838265	93c1e514b645873b30e10974447a14de
1920-10/outputs/logo.png	42553	f46b9b5db4d9b7eb1b745a64695a17ad
1920-10/overlay.js	18598	591a08ea70667742a623164267c59ced
1920-10/playloop.js	10999	dcfbf631f50112547f742d87284352b1
1920-10/reader-factory.js	1900	bc4bd7c1587e15e9805b6f5a59c3b7a4
1920-10/reader-v2.js	42587	5d628470908297f2f993a90d421df288
1920-10/reader.js	27999	1355f088021a77cde4c31db822723dff
1920-10/render-canvas2d.js	8779	47b7b25e1a2d929822b6f3d77b32a152
1920-10/render-webgl.js	11644	001a1eed61702d0af57b444420c9a633
1920-10/slots.js	15955	61bf3669de137de0a994cfecc2e5606e
1920-10/textfeed.js	4388	ee566da0f12c271ea86caf488e1dfe0d
1920-10/textlayer.js	11831	aa1ede55afc8541fc4a68c75eb307826
1920-10/tv-controller.js	6069	369e25b369b840bdab4e8daab0654838
cache-refresh.js	5889	32c8be62f2a4107f852c779fec3d1ae6
datachannel.js	6508	9f4bf47e6ae3203243d1e7385c761cba
index.html	27004	ba612f0dcb61317c9753ba77842e4252
inflate.js	16394	7099f89dc5fc441c3ce7415471abc1a4
live-player.html	27004	ba612f0dcb61317c9753ba77842e4252
outputs/clip.asclv	24458884	8db052b896a46bc69d63b08297492fe0
outputs/clip.b081f4bab925.asclv	11304137	61ad81f1c06b4735636ff33902b0d6c4
outputs/clip.current.txt	118	b4468b6d234089620d20fd8cd27bf9e8
outputs/clip.dcd6afb66907.asclv	24458884	8db052b896a46bc69d63b08297492fe0
outputs/logo.png	42553	f46b9b5db4d9b7eb1b745a64695a17ad
overlay.js	18598	591a08ea70667742a623164267c59ced
playloop.js	10999	dcfbf631f50112547f742d87284352b1
reader-factory.js	1900	bc4bd7c1587e15e9805b6f5a59c3b7a4
reader-v2.js	42587	5d628470908297f2f993a90d421df288
reader.js	27999	1355f088021a77cde4c31db822723dff
render-canvas2d.js	8779	47b7b25e1a2d929822b6f3d77b32a152
render-webgl.js	11644	001a1eed61702d0af57b444420c9a633
slots.js	15955	61bf3669de137de0a994cfecc2e5606e
textfeed.js	4388	ee566da0f12c271ea86caf488e1dfe0d
textlayer.js	11831	aa1ede55afc8541fc4a68c75eb307826
tv-controller.js	6069	369e25b369b840bdab4e8daab0654838
v0/MANIFEST.tsv	1538	fbad17b4fc5e838214a70fcae0258dda
v0/dash/chunk-00001.m4s	332201	ae9b2d767d3a8967e1233848853b9450
v0/dash/chunk-00002.m4s	485253	0bd75ddd8df259d3fd5210281e8290d4
v0/dash/chunk-00003.m4s	422477	61037ec8a72ba693006fbd115e07739a
v0/dash/chunk-00004.m4s	548977	55e620c70a098485a4442f28aefd3aea
v0/dash/chunk-00005.m4s	1266247	77626c9852a01cd9cec59a5d30e2021e
v0/dash/chunk-00006.m4s	864529	e9dcfb0d98ee58506673167ebe619261
v0/dash/chunk-00007.m4s	790635	416251ba6f699dfa83b4a411d7578348
v0/dash/chunk-00008.m4s	487411	7ad6f96a7efda11368bc7f54405492a2
v0/dash/chunk-00009.m4s	472397	5fafffafca7052d3c5788c2896ca2b3e
v0/dash/chunk-00010.m4s	650413	e3c148e5164d18db60754bb2efed0ace
v0/dash/chunk-00011.m4s	763108	989b639ac43534c108b52bfa69aaaec3
v0/dash/chunk-00012.m4s	578951	b4aa9bcc69d03af2ea763fc4179362de
v0/dash/chunk-00013.m4s	583362	5c2401e929feb96baa973bdb8dc00151
v0/dash/chunk-00014.m4s	624923	13685ebd14d7d18813b6cfff0c1102b7
v0/dash/chunk-00015.m4s	480044	aa55c9bfc1bedf31fda05744febcf336
v0/dash/chunk-00016.m4s	204283	756f1f87621b8404015e242bcf9997a9
v0/dash/init.m4s	774	0ed0013f0dadcad3c6808de14d4000d1
v0/dash/manifest.mpd	1205	89fb6dbf2145c59d47e7b875f25bc927
v0/hls-fmp4/init.mp4	811	284f20f5092ead2127597b6c1ceea556
v0/hls-fmp4/seg000.m4s	332201	ae9b2d767d3a8967e1233848853b9450
v0/hls-fmp4/seg001.m4s	485253	0bd75ddd8df259d3fd5210281e8290d4
v0/hls-fmp4/seg002.m4s	422477	61037ec8a72ba693006fbd115e07739a
v0/hls-fmp4/seg003.m4s	548977	55e620c70a098485a4442f28aefd3aea
v0/hls-fmp4/seg004.m4s	1266247	77626c9852a01cd9cec59a5d30e2021e
v0/hls-fmp4/seg005.m4s	864529	e9dcfb0d98ee58506673167ebe619261
v0/hls-fmp4/seg006.m4s	790635	416251ba6f699dfa83b4a411d7578348
v0/hls-fmp4/seg007.m4s	487411	7ad6f96a7efda11368bc7f54405492a2
v0/hls-fmp4/seg008.m4s	472397	5fafffafca7052d3c5788c2896ca2b3e
v0/hls-fmp4/seg009.m4s	650413	e3c148e5164d18db60754bb2efed0ace
v0/hls-fmp4/seg010.m4s	763108	989b639ac43534c108b52bfa69aaaec3
v0/hls-fmp4/seg011.m4s	578951	b4aa9bcc69d03af2ea763fc4179362de
v0/hls-fmp4/seg012.m4s	583362	5c2401e929feb96baa973bdb8dc00151
v0/hls-fmp4/seg013.m4s	624923	13685ebd14d7d18813b6cfff0c1102b7
v0/hls-fmp4/seg014.m4s	480044	aa55c9bfc1bedf31fda05744febcf336
v0/hls-fmp4/seg015.m4s	204283	756f1f87621b8404015e242bcf9997a9
v0/hls-fmp4/stream.m3u8	631	908124f77b78ffc3dcd865e130d094f0
v0/hls-ts/seg000.ts	341972	c9f01b8fd93cd22c2688e51a7470839e
v0/hls-ts/seg001.ts	498200	e854eb5bc8184fcac70cde68d9f04c07
v0/hls-ts/seg002.ts	433716	5a7b8a3d8d441438411fd98160e13588
v0/hls-ts/seg003.ts	562872	67ca37dac8582c2179b987b13e9822a2
v0/hls-ts/seg004.ts	1296072	37a1e306146644cb3e618326ee6b85e6
v0/hls-ts/seg005.ts	885668	09a5f4e38414d2d85645246fa4cde5c2
v0/hls-ts/seg006.ts	809904	807d38faeabe1ef2e649d3e893d884a0
v0/hls-ts/seg007.ts	500456	9d03fa8205dd64e81b7f49bf8fc71549
v0/hls-ts/seg008.ts	485040	239750f17a6ab1cd59da8ce67aed61fd
v0/hls-ts/seg009.ts	666460	9db00e01958b9d45798ba46ebf46e6df
v0/hls-ts/seg010.ts	781516	2f9462c269202654506da2a1d1dfccd4
v0/hls-ts/seg011.ts	593704	a0d51129667bb75712a5dd6e33302ec3
v0/hls-ts/seg012.ts	598404	363f7802f934694bac04164ead0f23b0
v0/hls-ts/seg013.ts	640704	90e36393d6e8cab268f8c800b3b39a93
v0/hls-ts/seg014.ts	492748	d9ba184b963e65bb0f3a5c09d2d3deb2
v0/hls-ts/seg015.ts	209996	1e1180dabdf3df60c7d7f3dce30206c3
v0/hls-ts/stream.m3u8	589	6463e426a8a45448018c51480eb76214
v0/HoboStd.ttf	31444	56461958360533730babbd1bcc04ca77
v0/index.html	95145	54405a5c10ee51dcb61b5bec0ef8e6b5
v0/keypad.js	7853	2423d8b649bfb8c80a6de30defcc42e5
v0/producto.html	52491	64b003ed7e31c37d0e3c1b64f60dc2be
v0/GUION.tsv	1021	205d5bbb2cfe89c23b505d4dee02e85d
v0/logo.png	42553	f46b9b5db4d9b7eb1b745a64695a17ad
v0/vgencache.js	17685	740b416bd4eaad31dfd31c26ba2a53ff
v0/vgenfeed.js	15082	0b1e31192157128cdc69398ee073d34b
v0/v0-h264-baseline.mp4	9553193	761cd4c023b53fe449c5ee0ab7f6ad9e
v0/v0-h264-main.mp4	8681167	50348aaccf07a43becd915f289b91b72
v0/v0-vp9-alpha.webm	2434369	b011a443f2d31956fa117958e9f6b37a
v0/v0-vp9.webm	4411693	0f0e6c818e88af172dcf10fb0b52d623
v0/MANIFEST-v1.tsv	1079	a4591925159038c4f99c1a5e8c89d373
v0/v1-vp9.webm	2941178	84c88129f9b1ae103719f49b15fa730a
v0/v1-h264.mp4	5254451	506efa77052527054d5241f4d68031b6
v0/v1-ambiente.mp3	183353	51f4037df9e7fda9ad179e94f855ef8e
v0/dash-vp9/chunk-00001.webm	68914	b275d73629440566b32cef98b774f367
v0/dash-vp9/chunk-00002.webm	118044	2e0c647f12710b604ba2f49fca8d3a1b
v0/dash-vp9/chunk-00003.webm	126447	a85814d74307da08744c7c300a790a23
v0/dash-vp9/chunk-00004.webm	173705	97caae3f8e2b5dd1963b454becdccd44
v0/dash-vp9/chunk-00005.webm	406790	9b7d19ffb51e5462ac9360669522c248
v0/dash-vp9/chunk-00006.webm	260004	dea6b370973a2887689338e41aee7000
v0/dash-vp9/chunk-00007.webm	228238	14ef57c4b799e831cb3bfa064fe7e553
v0/dash-vp9/chunk-00008.webm	145894	1fc6c44c2a8e12f950e81b9fd5171bb3
v0/dash-vp9/chunk-00009.webm	157364	9f67e2015aef1d60814b144f103e0b5f
v0/dash-vp9/chunk-00010.webm	179916	ccfba6db31756ec41ad9a9aeb8c0a1ce
v0/dash-vp9/chunk-00011.webm	250940	f68bdbd9ff8cdb4b97e6f19a41f43080
v0/dash-vp9/chunk-00012.webm	162809	30870c2a4c5645b7aec555a9fe5a85cf
v0/dash-vp9/chunk-00013.webm	165845	8efd293cb6394f15af3f390946d1d930
v0/dash-vp9/chunk-00014.webm	188285	d0272e6269fa28d83f95a5061c69b6a7
v0/dash-vp9/chunk-00015.webm	126163	c165f3e36773e6c621b958290c12b36f
v0/dash-vp9/chunk-00016.webm	70257	fbd4ce4af0b6bfd05ac25b4b50f7f3c6
v0/dash-vp9/init.webm	322	e0c3fe5d1377e8a85675e205331ba6a5
v0/dash-vp9/manifest.mpd	1227	c5ba40799525cf5c2cad7400b63ab291
v0/MANIFEST-v2.tsv	2385	668d17e3c715cf5f7f5a2590cbe458f6
v0/dash-v2-vp9-crf10/chunk-00001.webm	391408	f40e75d2c1be682c6db0954b1b477baf
v0/dash-v2-vp9-crf10/chunk-00002.webm	520823	4e1999b64b0a0c245ad1530021ba3d42
v0/dash-v2-vp9-crf10/chunk-00003.webm	439819	2d6b76ae69c729c34189c18771decec1
v0/dash-v2-vp9-crf10/chunk-00004.webm	657933	4356ae9b42f9713ad19af30c7df7ea95
v0/dash-v2-vp9-crf10/chunk-00005.webm	1524274	8271abbad9a38e9510dd4f3f288968c9
v0/dash-v2-vp9-crf10/chunk-00006.webm	865451	819ec8a47a3d173e999836d7f73a1a9e
v0/dash-v2-vp9-crf10/chunk-00007.webm	912974	ed3a8d0a2525e3878f0a481c97f0786d
v0/dash-v2-vp9-crf10/chunk-00008.webm	607689	9dc355fe435e5ec89b8a5ed567e5ab3e
v0/dash-v2-vp9-crf10/chunk-00009.webm	561774	a342328f2c83f636cf22472179476e6c
v0/dash-v2-vp9-crf10/chunk-00010.webm	684751	55b8c610414be6d23a2e62d723075059
v0/dash-v2-vp9-crf10/chunk-00011.webm	793475	bde5000da369c99ca93bc8bfe318333d
v0/dash-v2-vp9-crf10/chunk-00012.webm	668003	af5fd171f9168a9bfd3bf385d86abd1e
v0/dash-v2-vp9-crf10/chunk-00013.webm	722734	f64e47a1a29752292ee02ec75650d942
v0/dash-v2-vp9-crf10/chunk-00014.webm	702634	9637bc1e61da361e7ebe0c92c6979e25
v0/dash-v2-vp9-crf10/chunk-00015.webm	525756	ef7f7a1701947443819010666ecfcc43
v0/dash-v2-vp9-crf10/chunk-00016.webm	245208	f1d02cd4c14eeda3d2b3d619846bbd66
v0/dash-v2-vp9-crf10/init.webm	318	1ed62386ec9413ceb5c65175a31e7f4a
v0/dash-v2-vp9-crf10/manifest.mpd	1207	3a6722b8accb954d1abfa54a632de9fb
v0/dash-v2-vp9-crf18/chunk-00001.webm	220763	6d8481c2c8d5ec12a3ecafc82672fab8
v0/dash-v2-vp9-crf18/chunk-00002.webm	319809	c5cae692e699bbac38b7ccd61af0f07c
v0/dash-v2-vp9-crf18/chunk-00003.webm	279431	d51a3789bc333c6165e263c397e5c867
v0/dash-v2-vp9-crf18/chunk-00004.webm	424707	452b33cee8216d67feb098de2cd3f5e5
v0/dash-v2-vp9-crf18/chunk-00005.webm	1012752	7dd1252f45f5600eec517fb736c4528f
v0/dash-v2-vp9-crf18/chunk-00006.webm	545476	3ef94596c5f58c656e95c2392fea6671
v0/dash-v2-vp9-crf18/chunk-00007.webm	579413	437dd27056833b2b2ec4f95ed36c3c6b
v0/dash-v2-vp9-crf18/chunk-00008.webm	394992	1de692dac2ddabb151a6fd9d9f3eec9a
v0/dash-v2-vp9-crf18/chunk-00009.webm	371738	1003bf86240a9891605fc0ce5710e4ed
v0/dash-v2-vp9-crf18/chunk-00010.webm	444050	9d9d20b2758a6e2379ecf27ebca5697e
v0/dash-v2-vp9-crf18/chunk-00011.webm	513292	6027df97f4e6085ecd94f4175af1d251
v0/dash-v2-vp9-crf18/chunk-00012.webm	412442	311b78e2717833155a21dd51c854ec1a
v0/dash-v2-vp9-crf18/chunk-00013.webm	451724	7b4141cc9928d76cf758fecef20e9d78
v0/dash-v2-vp9-crf18/chunk-00014.webm	436437	2124fc9b3e7c2ab1dd599c3ba2ef542e
v0/dash-v2-vp9-crf18/chunk-00015.webm	312283	bfb321e48c805db1b075e1bd80c1a1d5
v0/dash-v2-vp9-crf18/chunk-00016.webm	154890	0dc7224c3ef032159d49f4ed4e5a46ca
v0/dash-v2-vp9-crf18/init.webm	318	1ed62386ec9413ceb5c65175a31e7f4a
v0/dash-v2-vp9-crf18/manifest.mpd	1207	be10689de02a66d0b92f94f178af8fff
v0/v2-ambiente.mp4	614020	dafa9695760c159ec649c08a6916a88d
v0/v2-h264.mp4	15017319	349357fedf78b41f672e523040add308
v0/v2-vp9-crf10.webm	10937235	557f68af44e38d688286e3a8d6100013
v0/v2-vp9-crf18.webm	6986728	49fe6ba9fda7442981b39c6e89463742
v1/PLANES.tsv	1544	09ee6f48b49ed4f9a2df1db0affe81a5
v1/crf18-15fps-512.webm	8931539	67d95195de421108d72b8967dfcd2ac3
v1/crf18-15fps.webm	6011270	98d53b625a4256ad601124a3567d4f68
v1/crf18-20fps-512.webm	10376435	a11c4e5bd875a1156c2de147b008b814
v1/crf18-20fps-sinaltref.webm	6775111	83733beb0cb22df03c7c3dd7832e016f
v1/index.html	14686	1a2e51de5057c328e64e2cc76b28ef94
v1/keypad.js	7853	2423d8b649bfb8c80a6de30defcc42e5
